method	endpoint	file
DELETE	/	routes/defaultMenuRoutes.js
GET	/	routes/addonRoutes.js
GET	/	routes/attendanceRoutes.js
GET	/	routes/complianceRoutes.js
GET	/	routes/customerRequestRoutes.js
GET	/	routes/customerRoutes.js
GET	/	routes/dailyTaskRoutes.js
GET	/	routes/defaultMenuRoutes.js
GET	/	routes/employeeRoutes.js
GET	/	routes/employeeScheduleRoutes.js
GET	/	routes/feedbackRoutes.js
GET	/	routes/inventoryRoutes.js
GET	/	routes/kioskOwnerRoutes.js
GET	/	routes/kioskRoutes.js
GET	/	routes/kotRoutes.js
GET	/	routes/leaveRequestRoutes.js
GET	/	routes/menuRoutes.js
GET	/	routes/orderRoutes.js
GET	/	routes/paymentQrRoutes.js
GET	/	routes/paymentRoutes.js
GET	/	routes/printerConfigRoutes.js
GET	/	routes/printQueueRoutes.js
GET	/	routes/tableRoutes.js
GET	/	routes/taskRoutes.js
GET	/	routes/userRoutes.js
POST	/	routes/addonRoutes.js
POST	/	routes/customerRequestRoutes.js
POST	/	routes/employeeRoutes.js
POST	/	routes/employeeScheduleRoutes.js
POST	/	routes/feedbackRoutes.js
POST	/	routes/inventoryRoutes.js
POST	/	routes/kioskOwnerRoutes.js
POST	/	routes/kioskRoutes.js
POST	/	routes/leaveRequestRoutes.js
POST	/	routes/orderRoutes.js
POST	/	routes/printQueueRoutes.js
POST	/	routes/tableRoutes.js
POST	/	routes/taskRoutes.js
POST	/	routes/userRoutes.js
POST	/	routes/waitlistRoutes.js
PUT	/	routes/defaultMenuRoutes.js
PUT	/	routes/printerConfigRoutes.js
DELETE	/:id	routes/addonRoutes.js
DELETE	/:id	routes/attendanceRoutes.js
DELETE	/:id	routes/customerRequestRoutes.js
DELETE	/:id	routes/employeeRoutes.js
DELETE	/:id	routes/inventoryRoutes.js
DELETE	/:id	routes/kioskOwnerRoutes.js
DELETE	/:id	routes/kioskRoutes.js
DELETE	/:id	routes/orderRoutes.js
DELETE	/:id	routes/paymentQrRoutes.js
DELETE	/:id	routes/tableRoutes.js
DELETE	/:id	routes/taskRoutes.js
DELETE	/:id	routes/userRoutes.js
GET	/:id	routes/cartRoutes.js
GET	/:id	routes/complianceRoutes.js
GET	/:id	routes/customerRequestRoutes.js
GET	/:id	routes/customerRoutes.js
GET	/:id	routes/employeeRoutes.js
GET	/:id	routes/feedbackRoutes.js
GET	/:id	routes/inventoryRoutes.js
GET	/:id	routes/kioskOwnerRoutes.js
GET	/:id	routes/kioskRoutes.js
GET	/:id	routes/kotRoutes.js
GET	/:id	routes/orderRoutes.js
GET	/:id	routes/paymentRoutes.js
GET	/:id	routes/tableRoutes.js
GET	/:id	routes/taskRoutes.js
GET	/:id	routes/userRoutes.js
PATCH	/:id	routes/customerRequestRoutes.js
PATCH	/:id	routes/inventoryRoutes.js
PATCH	/:id	routes/tableRoutes.js
PATCH	/:id	routes/taskRoutes.js
PUT	/:id	routes/addonRoutes.js
PUT	/:id	routes/customerRequestRoutes.js
PUT	/:id	routes/employeeRoutes.js
PUT	/:id	routes/kioskOwnerRoutes.js
PUT	/:id	routes/kioskRoutes.js
PUT	/:id	routes/tableRoutes.js
PUT	/:id	routes/taskRoutes.js
PUT	/:id	routes/userRoutes.js
PATCH	/:id/accept	routes/orderRoutes.js
POST	/:id/acknowledge	routes/customerRequestRoutes.js
POST	/:id/add-items	routes/orderRoutes.js
PATCH	/:id/addons	routes/orderRoutes.js
PATCH	/:id/approve	routes/userRoutes.js
POST	/:id/cancel	routes/paymentRoutes.js
PATCH	/:id/checkout	routes/attendanceRoutes.js
PATCH	/:id/complete	routes/dailyTaskRoutes.js
POST	/:id/complete	routes/taskRoutes.js
PATCH	/:id/confirm-payment	routes/orderRoutes.js
PATCH	/:id/convert-to-takeaway	routes/orderRoutes.js
PATCH	/:id/customer-status	routes/orderRoutes.js
PATCH	/:id/end-break	routes/attendanceRoutes.js
POST	/:id/end-break	routes/attendanceRoutes.js
POST	/:id/finalize	routes/orderRoutes.js
POST	/:id/kot	routes/orderRoutes.js
GET	/:id/kot-print	routes/orderRoutes.js
POST	/:id/mark-paid	routes/paymentRoutes.js
POST	/:id/occupy	routes/tableRoutes.js
PATCH	/:id/print-claim	routes/orderRoutes.js
PATCH	/:id/print-complete	routes/orderRoutes.js
PATCH	/:id/print-status	routes/orderRoutes.js
POST	/:id/printed	routes/printQueueRoutes.js
POST	/:id/regenerate-qr	routes/tableRoutes.js
PATCH	/:id/reject	routes/userRoutes.js
POST	/:id/reset-qr	routes/tableRoutes.js
POST	/:id/resolve	routes/customerRequestRoutes.js
PATCH	/:id/return-items	routes/orderRoutes.js
PATCH	/:id/start-break	routes/attendanceRoutes.js
POST	/:id/start-break	routes/attendanceRoutes.js
PATCH	/:id/status	routes/kotRoutes.js
PATCH	/:id/status	routes/leaveRequestRoutes.js
PATCH	/:id/status	routes/orderRoutes.js
PUT	/:id/status	routes/attendanceRoutes.js
PATCH	/:id/stock	routes/inventoryRoutes.js
PATCH	/:id/toggle-cafe-status	routes/userRoutes.js
PATCH	/:id/toggle-status	routes/userRoutes.js
POST	/:id/unmerge	routes/tableRoutes.js
POST	/:id/verify-razorpay	routes/paymentRoutes.js
DELETE	/:token	routes/waitlistRoutes.js
PATCH	/:token/notify	routes/waitlistRoutes.js
PATCH	/:token/seat	routes/waitlistRoutes.js
GET	/active	routes/paymentQrRoutes.js
GET	/apk/:version	routes/appUpdateRoutes.js
POST	/assign	routes/dailyTaskRoutes.js
GET	/attendance	routes/analyticsRoutes.js
GET	/available	routes/cartRoutes.js
GET	/available	routes/tableRoutes.js
GET	/available-ingredients	routes/inventoryRoutes.js
PATCH	/bulk-status	routes/userRoutes.js
GET	/by-admin/:userId	routes/cartRoutes.js
POST	/calculate/daily	routes/revenueRoutes.js
POST	/calculate/monthly	routes/revenueRoutes.js
POST	/categories	routes/menuRoutes.js
DELETE	/categories/:id	routes/menuRoutes.js
PATCH	/categories/:id	routes/menuRoutes.js
POST	/checkin	routes/attendanceRoutes.js
POST	/checkout	routes/attendanceRoutes.js
DELETE	/cleanup	routes/printQueueRoutes.js
POST	/create	routes/paymentRoutes.js
POST	/create	routes/voiceInventoryRoutes.js
GET	/current	routes/revenueRoutes.js
GET	/customers	routes/analyticsRoutes.js
GET	/dashboard	routes/costingRoutes.js
GET	/dashboard/occupancy	routes/tableRoutes.js
GET	/debug/fcm-tokens	routes/notificationRoutes.js
GET	/default-menu-items	routes/costing-v2Routes.js
GET	/diagnose-consumption	routes/costing-v2Routes.js
GET	/emergency-contacts	routes/userRoutes.js
PUT	/emergency-contacts	routes/userRoutes.js
DELETE	/employee/:employeeId	routes/employeeScheduleRoutes.js
GET	/employee/:employeeId	routes/employeeScheduleRoutes.js
PUT	/employee/:employeeId/today-state	routes/employeeScheduleRoutes.js
GET	/employees	routes/analyticsRoutes.js
GET	/expense-categories	routes/costing-v2Routes.js
GET	/expense-categories	routes/costingRoutes.js
POST	/expense-categories	routes/costing-v2Routes.js
POST	/expense-categories	routes/costingRoutes.js
DELETE	/expense-categories/:id	routes/costingRoutes.js
PUT	/expense-categories/:id	routes/costingRoutes.js
GET	/expenses	routes/costing-v2Routes.js
GET	/expenses	routes/costingRoutes.js
POST	/expenses	routes/costing-v2Routes.js
POST	/expenses	routes/costingRoutes.js
DELETE	/expenses/:id	routes/costing-v2Routes.js
DELETE	/expenses/:id	routes/costingRoutes.js
GET	/expenses/:id	routes/costingRoutes.js
PUT	/expenses/:id	routes/costing-v2Routes.js
PUT	/expenses/:id	routes/costingRoutes.js
POST	/expenses/bulk-import	routes/costingRoutes.js
GET	/expenses/summary	routes/costing-v2Routes.js
GET	/expiring	routes/complianceRoutes.js
GET	/export	routes/analyticsRoutes.js
GET	/export	routes/revenueRoutes.js
GET	/firebase-web-config	routes/notificationRoutes.js
GET	/franchise	routes/revenueRoutes.js
POST	/generate	routes/dailyTaskRoutes.js
POST	/generate-franchise-code	routes/userRoutes.js
POST	/generate-url	routes/fileRoutes.js
GET	/health	routes/healthRoutes.js
GET	/hierarchical-costing	routes/costing-v2Routes.js
GET	/hierarchy	routes/employeeRoutes.js
GET	/history	routes/revenueRoutes.js
GET	/ingredient-purchases	routes/costingRoutes.js
POST	/ingredient-purchases	routes/costingRoutes.js
DELETE	/ingredient-purchases/:id	routes/costingRoutes.js
PUT	/ingredient-purchases/:id	routes/costingRoutes.js
GET	/ingredients	routes/costing-v2Routes.js
GET	/ingredients	routes/costingRoutes.js
POST	/ingredients	routes/costing-v2Routes.js
POST	/ingredients	routes/costingRoutes.js
DELETE	/ingredients/:id	routes/costing-v2Routes.js
DELETE	/ingredients/:id	routes/costingRoutes.js
PUT	/ingredients/:id	routes/costing-v2Routes.js
PUT	/ingredients/:id	routes/costingRoutes.js
GET	/ingredients/:id/fifo-layers	routes/costing-v2Routes.js
GET	/ingredients/debug	routes/costing-v2Routes.js
POST	/intent	routes/voiceCommandRoutes.js
GET	/inventory	routes/analyticsRoutes.js
GET	/inventory	routes/costing-v2Routes.js
POST	/inventory/adjust	routes/costingRoutes.js
POST	/inventory/consume	routes/costing-v2Routes.js
POST	/inventory/direct-purchase	routes/costing-v2Routes.js
POST	/inventory/return	routes/costing-v2Routes.js
GET	/inventory/transactions	routes/costing-v2Routes.js
GET	/inventory/transactions	routes/costingRoutes.js
GET	/investments	routes/costingRoutes.js
POST	/investments	routes/costingRoutes.js
DELETE	/investments/:id	routes/costingRoutes.js
GET	/investments/:id	routes/costingRoutes.js
PUT	/investments/:id	routes/costingRoutes.js
POST	/items	routes/menuRoutes.js
DELETE	/items/:id	routes/menuRoutes.js
PATCH	/items/:id	routes/menuRoutes.js
PATCH	/items/:id/availability	routes/menuRoutes.js
GET	/labour-costs	routes/costing-v2Routes.js
POST	/labour-costs	routes/costing-v2Routes.js
GET	/list	routes/paymentQrRoutes.js
POST	/login	routes/adminRoutes.js
POST	/login	routes/userRoutes.js
POST	/logout	routes/userRoutes.js
POST	/logout-all	routes/adminRoutes.js
GET	/lookup/:slug	routes/tableRoutes.js
GET	/low-stock	routes/costing-v2Routes.js
GET	/mappings	routes/employeeSkillsRoutes.js
POST	/mappings	routes/employeeSkillsRoutes.js
DELETE	/mappings/:id	routes/employeeSkillsRoutes.js
PUT	/mappings/:id	routes/employeeSkillsRoutes.js
GET	/mappings/employee/:employeeId	routes/employeeSkillsRoutes.js
GET	/me	routes/userRoutes.js
GET	/menu	routes/analyticsRoutes.js
GET	/menu-items	routes/costing-v2Routes.js
POST	/menu-items	routes/costing-v2Routes.js
DELETE	/menu-items/:id	routes/costing-v2Routes.js
PUT	/menu-items/:id	routes/costing-v2Routes.js
POST	/menu-items/import-from-default	routes/costing-v2Routes.js
POST	/menu-items/link-matching-boms	routes/costing-v2Routes.js
POST	/menu-items/sync-from-default	routes/costing-v2Routes.js
POST	/menu-page	routes/translationRoutes.js
POST	/merge	routes/tableRoutes.js
GET	/meta/constants	routes/paymentRoutes.js
GET	/meta/spice-levels	routes/menuRoutes.js
GET	/my	routes/leaveRequestRoutes.js
GET	/my	routes/taskRoutes.js
GET	/my-schedule	routes/employeeScheduleRoutes.js
GET	/my-settings	routes/cartRoutes.js
PUT	/my-settings	routes/cartRoutes.js
GET	/nearby	routes/cartRoutes.js
POST	/network	routes/printRoutes.js
POST	/notifications/cart-broadcast	routes/notificationRoutes.js
GET	/order/:orderId/all	routes/paymentRoutes.js
GET	/order/:orderId/latest	routes/paymentRoutes.js
GET	/orders	routes/analyticsRoutes.js
GET	/outlet-assets	routes/costingRoutes.js
POST	/outlet-assets	routes/costingRoutes.js
DELETE	/outlet-assets/:id	routes/costingRoutes.js
PUT	/outlet-assets/:id	routes/costingRoutes.js
GET	/outlet-opex	routes/costingRoutes.js
POST	/outlet-opex	routes/costingRoutes.js
DELETE	/outlet-opex/:id	routes/costingRoutes.js
PUT	/outlet-opex/:id	routes/costingRoutes.js
GET	/outlets	routes/costing-v2Routes.js
GET	/overheads	routes/costing-v2Routes.js
POST	/overheads	routes/costing-v2Routes.js
GET	/overview	routes/dailyTaskRoutes.js
POST	/parse	routes/voiceInventoryRoutes.js
GET	/past	routes/attendanceRoutes.js
GET	/pending	routes/customerRequestRoutes.js
GET	/pending	routes/kotRoutes.js
GET	/pending	routes/printQueueRoutes.js
GET	/pending-kots	routes/printRoutes.js
GET	/performance	routes/dashboardRoutes.js
GET	/public	routes/addonRoutes.js
GET	/public	routes/menuRoutes.js
GET	/public	routes/tableRoutes.js
POST	/public	routes/feedbackRoutes.js
GET	/public-cart-id/:tableId	routes/tableRoutes.js
GET	/public-contact	routes/cartRoutes.js
GET	/purchases	routes/costing-v2Routes.js
POST	/purchases	routes/costing-v2Routes.js
POST	/purchases/:id/receive	routes/costing-v2Routes.js
POST	/push-to-cart-admins	routes/costing-v2Routes.js
POST	/push/cafe/:cartId	routes/defaultMenuRoutes.js
POST	/push/franchise/:franchiseId	routes/defaultMenuRoutes.js
GET	/recent-activity	routes/dashboardRoutes.js
GET	/recipes	routes/costing-v2Routes.js
GET	/recipes	routes/costingRoutes.js
POST	/recipes	routes/costing-v2Routes.js
POST	/recipes	routes/costingRoutes.js
DELETE	/recipes/:id	routes/costing-v2Routes.js
DELETE	/recipes/:id	routes/costingRoutes.js
GET	/recipes/:id	routes/costingRoutes.js
PUT	/recipes/:id	routes/costing-v2Routes.js
PUT	/recipes/:id	routes/costingRoutes.js
POST	/recipes/:id/calculate-cost	routes/costing-v2Routes.js
POST	/register-cafe-admin	routes/userRoutes.js
POST	/register-cafe-admin-public	routes/userRoutes.js
GET	/reports/cost-per-dish	routes/costingRoutes.js
GET	/reports/food-cost	routes/costing-v2Routes.js
GET	/reports/menu-engineering	routes/costing-v2Routes.js
GET	/reports/pnl	routes/costing-v2Routes.js
GET	/reports/pnl	routes/costingRoutes.js
GET	/reports/profitability	routes/costingRoutes.js
GET	/reports/roi	routes/costingRoutes.js
GET	/reports/supplier-price-history	routes/costing-v2Routes.js
GET	/revenue	routes/analyticsRoutes.js
GET	/reverse	routes/geocodeRoutes.js
POST	/save-token	routes/notificationRoutes.js
GET	/search	routes/customerRoutes.js
POST	/send-notification	routes/notificationRoutes.js
GET	/skills	routes/employeeSkillsRoutes.js
POST	/skills	routes/employeeSkillsRoutes.js
DELETE	/skills/:id	routes/employeeSkillsRoutes.js
PUT	/skills/:id	routes/employeeSkillsRoutes.js
GET	/stats	routes/attendanceRoutes.js
GET	/stats	routes/complianceRoutes.js
GET	/stats	routes/customerRequestRoutes.js
GET	/stats	routes/customerRoutes.js
GET	/stats	routes/dashboardRoutes.js
GET	/stats	routes/feedbackRoutes.js
GET	/stats	routes/inventoryRoutes.js
GET	/stats	routes/kotRoutes.js
GET	/stats	routes/taskRoutes.js
GET	/stats/carts	routes/userRoutes.js
GET	/status	routes/waitlistRoutes.js
GET	/summary	routes/analyticsRoutes.js
GET	/suppliers	routes/costing-v2Routes.js
POST	/suppliers	routes/costing-v2Routes.js
DELETE	/suppliers/:id	routes/costing-v2Routes.js
PUT	/suppliers/:id	routes/costing-v2Routes.js
POST	/sync-paid	routes/paymentRoutes.js
GET	/table/:id	routes/waitlistRoutes.js
POST	/table/:id/notify-next	routes/waitlistRoutes.js
GET	/takeaway-token/next	routes/orderRoutes.js
POST	/tap-to-order	routes/voiceOrderRoutes.js
POST	/tap-to-order/transcribe	routes/voiceOrderRoutes.js
GET	/templates	routes/dailyTaskRoutes.js
POST	/templates	routes/dailyTaskRoutes.js
DELETE	/templates/:id	routes/dailyTaskRoutes.js
PUT	/templates/:id	routes/dailyTaskRoutes.js
GET	/test	routes/paymentQrRoutes.js
POST	/test	routes/printRoutes.js
GET	/test-push	routes/notificationRoutes.js
POST	/test-push	routes/notificationRoutes.js
GET	/today	routes/attendanceRoutes.js
GET	/today	routes/taskRoutes.js
POST	/token	routes/aiSessionRoutes.js
POST	/upload	routes/paymentQrRoutes.js
GET	/uploads	routes/menuRoutes.js
POST	/uploads	routes/menuRoutes.js
GET	/verify	routes/adminRoutes.js
GET	/version	routes/appUpdateRoutes.js
GET	/waste	routes/costing-v2Routes.js
POST	/waste	routes/costing-v2Routes.js